North_America,Europe,Rest_of_the_World
16328.514022113042,26283.40550237778,9194.224282121771
